timestamp	commit	skill	old_score	new_score	status	dimension	note	eval_mode
2026-07-05T15:07	baseline	writing-plans	-	89.1	baseline	-	structure=68.4/76 dim8=9.0; runtime_warn=0	dry_run
2026-07-05T15:20	pending	writing-plans	89.1	89.6	keep	整体架构	压缩硬约束重复规则; structure=68.9/76 dim8=9.0	dry_run
2026-07-05T15:32	pending	writing-plans	89.6	89.6	keep	实测表现	新增 missing-design-path-stop 失败路径测试; dim8 coverage broadened	dry_run
2026-07-05T15:40	pending	writing-plans	89.6	91.0	keep	失败模式编码	补充设计路径不确定/不可读 STOP 分支; structure=69.6/76 dim8=9.3; touch_top=1	dry_run
2026-07-19T15:05	baseline	writing-plans	-	89.0	baseline	-	fresh independent re-score; structure=67.1/76 dim8=9.5(full_test); found task-skeleton.md L74-123 dup bug (dry_run missed); corrected optimistic 91.0 dry_run	full_test
2026-07-19T15:35	e16abfb	writing-plans	89.0	84(judge)	keep	dim6 资源整合度	R1 rm task-skeleton.md L84-123 dup block(40 lines); independent judge confirms task_skeleton_clean=true, dim6 7->9 within-judge; judge total 84<baseline 89 due to harsher calibration on UNTOUCHED dims(2/3/4/7/8/9) not regression; revert would re-introduce confirmed defect; my baseline 89 may have been optimistic-self-assessment	full_test
2026-07-19T16:05	601ea63	writing-plans	84(judge)	85(judge)	keep	dim7 整体架构	R2 rm 3 硬约束 sub-clauses restating 红灯反例(setup/Consumes-Produces/正文边界); SAME-judge re-eval dim7 7->8(+1) real gain, dim3/dim9 UNHARMED(judge confirms deleted positive rules not failure branches, blacklist intact); total 84->85 within-judge; judge notes dedup half-executed(任务边界/正文边界 residuals still restate 关键原则), path to dim7=9 exists but stopped per HL-4	full_test
2026-07-25T14:55	pending	writing-plans	67.1	66	keep	结构去重+grill承接	independent-judge dry_run after Q1-Q6 edits (rule/example/check dedup; 红灯 17->4 test-mapped; 关键原则->1-line anchors; fallback 3-way fork; PHASE0 grill recognition). structure 66/76 flat vs 67.1 prior independent score (cross-judge, within noise) -> no regression. dim9 held 8 despite 红灯 17->4. flagged risks are PRE-EXISTING not introduced: dim3 two-part fallback (vs brainstorming 3-part, HL-2 gap), dim7 light STOP overlap, dim9 thinner than brainstorming (13). eval done by spawned judge subagent to avoid self-score optimism.	dry_run
2026-07-25T22:01	pending	writing-plans	78;80	81;83	keep	dim7 结构去重+dim3 失败模式	round2 MERGE+去重(删STOP段+红灯三段式索引表+路由fork瘦身+PHASE0吸L60路径分支+fork锚词); 2独立judge盲评A/B within-judge delta均+3.0(J1 78->81,J2 80->83); dim3 +0.5/+0.5 dim7 +1.0/+1.5 dim9 0/0 不降; dim4 -0.5/-0.5(删集中STOP段失中央可扫性,红灯索引表以诊断索引形态补偿,非重点dim且>-1不触发桥接); dim8 dry_run; keep; delta详情见commit body	full_test
